Model,Accuracy,Precision,Recall,F1-Score,AUC
CNN,0.975,0.971019629225736,0.975,0.9713461538461539,0.9674021069369907
LSTM,0.9675,0.93605625,0.9675,0.9515184243964423,0.458656330749354
